{
    "Version": "2012-10-17",
    "Statement": [
        {
            "Effect": "Allow",
            "Action": "lambda:InvokeFunction",
            "Resource": "arn:aws:lambda:us-east-1:165657364714:function:publishNewBark*"
        },
        {
            "Effect": "Allow",
            "Action": [
                "logs:CreateLogGroup",
                "logs:CreateLogStream",
                "logs:PutLogEvents"
            ],
            "Resource": "arn:aws:logs:us-east-1:165657364714:*"
        },
        {
            "Effect": "Allow",
            "Action": [
                "dynamodb:DescribeStream",
                "dynamodb:GetRecords",
                "dynamodb:GetShardIterator",
                "dynamodb:ListStreams"
            ],
            "Resource": "arn:aws:dynamodb:us-east-1:165657364714:table/BuyList/stream/*"
        },
        {
            "Effect": "Allow",
            "Action": [
                "sns:Publish"
            ],
            "Resource": [
                "*"
            ]
        }
    ]
}
